
{
   "bot_type": "lava_f",
   "bounding_box": 
   {
      "x_max": 53.99031066894531,
      "x_min": -60.89236450195312,
      "y_max": 58.57493591308594,
      "y_min": -71.92099761962891,
      "z_max": 89.15239999999979,
      "z_min": 0.40
   },
   "build_plane_temperature": 40,
   "commanded_duration_s": 69950.10000000001,
   "duration_s": 69950.10000000001,
   "extruder_temperature": 210,
   "extruder_temperatures": [ 210, 160 ],
   "extrusion_distance_mm": 27419.16030425709,
   "extrusion_distances_mm": [ 27419.16030425709, 21449.52068995088 ],
   "extrusion_mass_g": 83.65892028808594,
   "extrusion_masses_g": [ 83.65892028808594, 65.44488525390625 ],
   "grue_git_commit_hash": "fdd251c",
   "grue_version": "7.18.3",
   "libthing_git_commit_hash": "fc3552c",
   "libthing_version": "5.29.1",
   "material": "im-pla",
   "materials": [ "im-pla", "pva" ],
   "miracle_config": 
   {
      "_bot": "lava_f",
      "_extruders": [ "mk14_c", "mk14_s" ],
      "_materials": [ "im-pla", "pva" ],
      "configPath": "/tmp/b7c4b457-5d81-447d-90b3-66e603bc6ef3/profile.json",
      "doRaft": true,
      "gaggles": 
      {
         "instance0": 
         {
            "_baseLayer": "dissolvableRaft",
            "_printMode": "balanced",
            "_purgeRoutines": 
            [
               
               [
                  
                  [
                     "move",
                     [ -9.526999999999999, -52.9210, 0, 0, 0 ],
                     100,
                     [ false, false, false, true, true ]
                  ],
                  
                  [
                     "purge_move",
                     [ 8.473000000000001, -52.9210, 0, 100, 0 ],
                     3,
                     [ false, false, false, true, true ]
                  ],
                  
                  [
                     "move",
                     [ -0.5270, -61.9210, 0, 0, 0 ],
                     30,
                     [ false, false, false, true, true ]
                  ]
               ],
               
               [
                  
                  [
                     "move",
                     [ -9.526999999999999, -52.9210, 0, 0, 0 ],
                     100,
                     [ false, false, false, true, true ]
                  ],
                  
                  [
                     "purge_move",
                     [ 8.473000000000001, -52.9210, 0, 0, 100 ],
                     1,
                     [ false, false, false, true, true ]
                  ],
                  
                  [
                     "move",
                     [ -0.5270, -61.9210, 0, 0, 0 ],
                     30,
                     [ false, false, false, true, true ]
                  ]
               ]
            ],
            "_purgeTowerShape": "square",
            "_purgeWallCenter": [ -0.5270, -61.9210 ],
            "_supportType": "taperIn",
            "areaToTaperSupportsIn": 350.0,
            "areaToTaperSupportsOut": 350.0,
            "backlashEpsilon": 0.050,
            "backlashFeedback": 0.90,
            "backlashX": 0.0,
            "backlashY": 0.090,
            "baseLayerExtruder": 0,
            "baseLayerHeight": 0.20320,
            "bedZOffset": 0.0,
            "bridgeAnchorMinimumLength": 0.80,
            "bridgeAnchorWidth": 0.80,
            "bridgeMaximumLength": 80.0,
            "bridgeRasterCellPerMM": 8.0,
            "brimsBaseWidth": 2.50,
            "brimsModelOffset": 0.0,
            "brimsOverlapWidth": 1.50,
            "buildPlaneTemperature": 40,
            "coarseness": 0.00010,
            "convertSparsePulseValue": 0.0,
            "defaultExtruder": 0,
            "defaultSupportMaterial": 1,
            "doAvoidModelZipper": true,
            "doAvoidSupportZipper": false,
            "doBacklashCompensation": false,
            "doBreakawaySupport": false,
            "doBridging": false,
            "doBrims": false,
            "doCandyCoat": false,
            "doExponentialDeceleration": false,
            "doExternalSpurs": true,
            "doFanCommand": true,
            "doFanModulation": false,
            "doFillTrace": true,
            "doFixedLayerStart": true,
            "doFixedShellStart": true,
            "doInternalSpurs": false,
            "doMinfill": false,
            "doMixedRaft": false,
            "doMixedSupport": false,
            "doModelSolid": false,
            "doPaddedBase": false,
            "doPurgeEarlyEnd": true,
            "doPurgeWall": true,
            "doRaft": true,
            "doRateLimit": false,
            "doSketchStyleGcode": false,
            "doSmartZipper": false,
            "doStickyMaterialSwitching": false,
            "doSupport": true,
            "doSupportEdgeFollow": false,
            "doSupportRaft": false,
            "doSupportUnderBridges": false,
            "doZHopAndRetractCombo": false,
            "doZHopOnToggle": true,
            "exponentialDecelerationMinSpeed": 0.0,
            "exponentialDecelerationRatio": 0.3750,
            "exponentialDecelerationSegmentCount": 10,
            "extruderProfiles": 
            [
               
               {
                  "cleanAfterPurge": false,
                  "coolingLapPath": 
                  [
                     [ 5.4730, -67.92099999999999 ],
                     [ 5.4730, -55.9210 ],
                     [ -4.5270, -55.9210 ],
                     [ -8.526999999999999, -57.9210 ],
                     [ -8.526999999999999, -69.92099999999999 ],
                     [ 7.4730, -69.92099999999999 ],
                     [ 7.4730, -53.9210 ],
                     [ -6.5270, -53.9210 ],
                     [ -10.5270, -55.9210 ],
                     [ -10.5270, -71.92099999999999 ],
                     [ 9.473000000000001, -71.92099999999999 ],
                     [ 9.473000000000001, -51.9210 ],
                     [ -8.526999999999999, -51.9210 ],
                     [ -8.526999999999999, -53.9210 ]
                  ],
                  "extraToggleDelay": 5,
                  "extrusionProfiles": 
                  {
                     "base_layer_surface": 
                     {
                        "extrusionVolumeMultiplier": 1.0,
                        "fanSpeed": 1.0,
                        "feedrate": 50,
                        "oozePathExtensionDistance": 0.0
                     },
                     "bridges": 
                     {
                        "extrusionVolumeMultiplier": 1.0,
                        "fanSpeed": 1.0,
                        "feedrate": 40.0,
                        "oozePathExtensionDistance": 0.0
                     },
                     "brims": 
                     {
                        "extrusionVolumeMultiplier": 1.0,
                        "fanSpeed": 1.0,
                        "feedrate": 10.0,
                        "oozePathExtensionDistance": 0.0
                     },
                     "floor_surface": 
                     {
                        "extrusionVolumeMultiplier": 1.0,
                        "fanSpeed": 1.0,
                        "feedrate": 110,
                        "oozePathExtensionDistance": 0.0
                     },
                     "halfVolumeInfill": 
                     {
                        "extrusionVolumeMultiplier": 0.50,
                        "fanSpeed": 0.50,
                        "feedrate": 110.0,
                        "oozePathExtensionDistance": 0.0
                     },
                     "insets": 
                     {
                        "extrusionVolumeMultiplier": 1.0,
                        "fanSpeed": 1.0,
                        "feedrate": 100,
                        "oozePathExtensionDistance": 0.0
                     },
                     "low_speed_shells": 
                     {
                        "extrusionVolumeMultiplier": 1.0,
                        "fanSpeed": 1.0,
                        "feedrate": 20,
                        "oozePathExtensionDistance": 0.0
                     },
                     "minfillSparse": 
                     {
                        "extrusionVolumeMultiplier": 1.20,
                        "feedrate": 110.0,
                        "oozePathExtensionDistance": 0.750
                     },
                     "outlines": 
                     {
                        "extrusionVolumeMultiplier": 1.0,
                        "fanSpeed": 1.0,
                        "feedrate": 25,
                        "oozePathExtensionDistance": 0.0
                     },
                     "purge": 
                     {
                        "extrusionVolumeMultiplier": 1.0,
                        "fanSpeed": 1.0,
                        "feedrate": 15,
                        "oozePathExtensionDistance": 0.0
                     },
                     "purge_slow": 
                     {
                        "extrusionVolumeMultiplier": 1.0,
                        "fanSpeed": 1.0,
                        "feedrate": 7.50,
                        "oozePathExtensionDistance": 0.0
                     },
                     "raft_base": 
                     {
                        "extrusionVolumeMultiplier": 1.0,
                        "fanSpeed": 0.0,
                        "feedrate": 15,
                        "oozePathExtensionDistance": 0.0,
                        "temperature": 220
                     },
                     "raft_interface": 
                     {
                        "extrusionVolumeMultiplier": 1.0,
                        "fanSpeed": 0.950,
                        "feedrate": 65,
                        "oozePathExtensionDistance": 0.0
                     },
                     "raft_surface": 
                     {
                        "extrusionVolumeMultiplier": 1.0,
                        "fanSpeed": 0.950,
                        "feedrate": 70,
                        "oozePathExtensionDistance": 0.0
                     },
                     "rafted_floor": 
                     {
                        "extrusionVolumeMultiplier": 1.0,
                        "fanSpeed": 1.0,
                        "feedrate": 110,
                        "oozePathExtensionDistance": 0.0
                     },
                     "roof_surface": 
                     {
                        "extrusionVolumeMultiplier": 1.0,
                        "fanSpeed": 1.0,
                        "feedrate": 90,
                        "oozePathExtensionDistance": 0.0,
                        "zHopDistance": 0.0
                     },
                     "solid": 
                     {
                        "extrusionVolumeMultiplier": 1.0,
                        "fanSpeed": 1.0,
                        "feedrate": 50,
                        "oozePathExtensionDistance": 0.0
                     },
                     "sparse": 
                     {
                        "extrusionVolumeMultiplier": 1.0,
                        "fanSpeed": 1.0,
                        "feedrate": 150,
                        "oozePathExtensionDistance": 0.0
                     },
                     "sparseRoofSurfaceFills": 
                     {
                        "extrusionVolumeMultiplier": 1.0,
                        "fanSpeed": 1.0,
                        "feedrate": 110,
                        "oozePathExtensionDistance": 0.0
                     },
                     "sparse_slow": 
                     {
                        "extrusionVolumeMultiplier": 1.0,
                        "fanSpeed": 1.0,
                        "feedrate": 150,
                        "oozePathExtensionDistance": 0.0
                     },
                     "spurs": 
                     {
                        "extrusionVolumeMultiplier": 1.0,
                        "fanSpeed": 1.0,
                        "feedrate": 100,
                        "oozePathExtensionDistance": 0.0
                     },
                     "support_floor_surface": 
                     {
                        "extrusionVolumeMultiplier": 1.0,
                        "fanSpeed": 1.0,
                        "feedrate": 10,
                        "oozePathExtensionDistance": 0.0
                     },
                     "support_roof_surface": 
                     {
                        "extrusionVolumeMultiplier": 1.0,
                        "fanSpeed": 1.0,
                        "feedrate": 110,
                        "oozePathExtensionDistance": 0.0
                     },
                     "support_solid": 
                     {
                        "extrusionVolumeMultiplier": 1.0,
                        "fanSpeed": 1.0,
                        "feedrate": 50,
                        "oozePathExtensionDistance": 0.0
                     },
                     "support_sparse": 
                     {
                        "extrusionVolumeMultiplier": 1.0,
                        "fanSpeed": 1.0,
                        "feedrate": 150,
                        "oozePathExtensionDistance": 0.0
                     },
                     "supported_floor": 
                     {
                        "extrusionVolumeMultiplier": 1.0,
                        "feedrate": 10.0,
                        "oozePathExtensionDistance": 0.0
                     }
                  },
                  "extrusionVolumeMultiplier": 1.0,
                  "feedDiameter": 1.770,
                  "idleTemperature": 160,
                  "maxPurgeLayerHeight": 0.0,
                  "minDistanceForZHop": 0.0,
                  "nozzleDiameter": 0.40,
                  "nozzleScrubLaps": 2,
                  "oozeFeedstockDistance": 0.0,
                  "outerShellEarlyEndDistance": 0.250,
                  "preOozeFeedstockDistance": 0.0,
                  "purgeButtressHeightRatio": 0.0,
                  "purgeButtressPaths": 
                  [
                     
                     [
                        [ -11.35687985951649, -65.78192271897039 ],
                        [ -11.58128202499867, -55.68671510555585 ],
                        [ -11.20167065135878, -72.76433831419847 ],
                        [ 10.23667532368147, -72.68467532368147 ],
                        [ 10.27575767794694, -51.19851808984775 ],
                        [ -8.646266048160834, -50.84760556655249 ],
                        [ -9.606999999999999, -53.9210 ]
                     ]
                  ],
                  "purgeLine": null,
                  "purgeOnlyUsedExtruder": false,
                  "purgePath": 
                  [
                     [ 5.4730, -67.92099999999999 ],
                     [ 5.4730, -55.9210 ],
                     [ -4.5270, -55.9210 ],
                     [ -8.526999999999999, -57.9210 ],
                     [ -8.526999999999999, -69.92099999999999 ],
                     [ 7.4730, -69.92099999999999 ],
                     [ 7.4730, -53.9210 ],
                     [ -6.5270, -53.9210 ],
                     [ -10.5270, -55.9210 ],
                     [ -10.5270, -71.92099999999999 ],
                     [ 9.473000000000001, -71.92099999999999 ],
                     [ 9.473000000000001, -51.9210 ],
                     [ -8.526999999999999, -51.9210 ],
                     [ -8.526999999999999, -53.9210 ]
                  ],
                  "purgeWidth": 1,
                  "quickTogglePosition": -73,
                  "restartExtraDistance": 0.050,
                  "restartRate": 5,
                  "retractDistance": 0.750,
                  "retractRate": 5,
                  "scrubLapSpeed": 15,
                  "scrubPressDistance": 0.0,
                  "shellInwardJogDistance": 0.0,
                  "shellTraceDistance": 2.0,
                  "smallLayerExtrusionProfiles": 
                  {
                     "base_layer_surface": 
                     {
                        "extrusionVolumeMultiplier": 1.0,
                        "fanSpeed": 0.0,
                        "feedrate": 25,
                        "oozePathExtensionDistance": 0.0,
                        "restartExtraDistance": 0.040,
                        "restartRate": 2,
                        "retractDistance": 1.50,
                        "retractRate": 2,
                        "temperature": 200
                     },
                     "bridges": 
                     {
                        "extrusionVolumeMultiplier": 1.0,
                        "fanSpeed": 1.0,
                        "feedrate": 40,
                        "oozePathExtensionDistance": 0.0,
                        "restartExtraDistance": 0.050,
                        "restartRate": 2,
                        "retractDistance": 1.50,
                        "retractRate": 2,
                        "temperature": 200
                     },
                     "brims": 
                     {
                        "extrusionVolumeMultiplier": 1.0,
                        "fanSpeed": 1.0,
                        "feedrate": 10.0,
                        "oozePathExtensionDistance": 0.0
                     },
                     "floor_surface": 
                     {
                        "extrusionVolumeMultiplier": 1.0,
                        "fanSpeed": 1.0,
                        "feedrate": 35,
                        "oozePathExtensionDistance": 0.0,
                        "restartExtraDistance": 0.040,
                        "restartRate": 2,
                        "retractDistance": 1.50,
                        "retractRate": 2,
                        "temperature": 200
                     },
                     "halfVolumeInfill": 
                     {
                        "extrusionVolumeMultiplier": 0.50,
                        "fanSpeed": 0.50,
                        "feedrate": 110.0,
                        "oozePathExtensionDistance": 0.0
                     },
                     "insets": 
                     {
                        "extrusionVolumeMultiplier": 1.0,
                        "fanSpeed": 1.0,
                        "feedrate": 35,
                        "oozePathExtensionDistance": 0.0,
                        "restartExtraDistance": -0.050,
                        "restartRate": 2,
                        "retractDistance": 1.50,
                        "retractRate": 2,
                        "temperature": 200
                     },
                     "low_speed_shells": 
                     {
                        "extrusionVolumeMultiplier": 1.0,
                        "fanSpeed": 1.0,
                        "feedrate": 20,
                        "oozePathExtensionDistance": 0.0,
                        "restartExtraDistance": 0.050,
                        "restartRate": 2,
                        "retractDistance": 1.50,
                        "retractRate": 2,
                        "temperature": 200
                     },
                     "minfillSparse": 
                     {
                        "extrusionVolumeMultiplier": 1.20,
                        "feedrate": 110.0,
                        "oozePathExtensionDistance": 0.750
                     },
                     "outlines": 
                     {
                        "extrusionVolumeMultiplier": 1.0,
                        "fanSpeed": 1.0,
                        "feedrate": 30,
                        "oozePathExtensionDistance": 0.0,
                        "restartExtraDistance": 0.0,
                        "restartRate": 2,
                        "retractDistance": 1.50,
                        "retractRate": 2,
                        "temperature": 200
                     },
                     "purge": 
                     {
                        "extrusionVolumeMultiplier": 1.0,
                        "fanSpeed": 1.0,
                        "feedrate": 15,
                        "oozePathExtensionDistance": 0.0,
                        "temperature": 200
                     },
                     "purge_slow": 
                     {
                        "extrusionVolumeMultiplier": 1.0,
                        "fanSpeed": 1.0,
                        "feedrate": 7.50,
                        "oozePathExtensionDistance": 0.0,
                        "temperature": 200
                     },
                     "raft_base": 
                     {
                        "extrusionVolumeMultiplier": 1.0,
                        "fanSpeed": 0.0,
                        "feedrate": 15,
                        "oozePathExtensionDistance": 0.0,
                        "temperature": 220
                     },
                     "raft_interface": 
                     {
                        "extrusionVolumeMultiplier": 1.0,
                        "fanSpeed": 0.950,
                        "feedrate": 65,
                        "oozePathExtensionDistance": 0.0
                     },
                     "raft_surface": 
                     {
                        "extrusionVolumeMultiplier": 1.0,
                        "fanSpeed": 0.950,
                        "feedrate": 70,
                        "oozePathExtensionDistance": 0.0
                     },
                     "rafted_floor": 
                     {
                        "extrusionVolumeMultiplier": 1.0,
                        "fanSpeed": 1.0,
                        "feedrate": 35,
                        "oozePathExtensionDistance": 0.0,
                        "restartExtraDistance": 0.040,
                        "restartRate": 2,
                        "retractDistance": 1.50,
                        "retractRate": 2,
                        "temperature": 200
                     },
                     "roof_surface": 
                     {
                        "extrusionVolumeMultiplier": 1.0,
                        "fanSpeed": 1.0,
                        "feedrate": 35,
                        "oozePathExtensionDistance": 0.0,
                        "restartExtraDistance": 0.080,
                        "restartRate": 2,
                        "retractDistance": 1.50,
                        "retractRate": 2,
                        "temperature": 200,
                        "zHopDistance": 0.0
                     },
                     "solid": 
                     {
                        "extrusionVolumeMultiplier": 1.0,
                        "fanSpeed": 1.0,
                        "feedrate": 50,
                        "oozePathExtensionDistance": 0.0,
                        "restartExtraDistance": 0.050,
                        "restartRate": 2,
                        "retractDistance": 1.50,
                        "retractRate": 2,
                        "temperature": 200
                     },
                     "sparse": 
                     {
                        "extrusionVolumeMultiplier": 1.0,
                        "fanSpeed": 1.0,
                        "feedrate": 50,
                        "oozePathExtensionDistance": 0.0,
                        "restartExtraDistance": 0.050,
                        "restartRate": 2,
                        "retractDistance": 1.50,
                        "retractRate": 2,
                        "temperature": 200
                     },
                     "sparseRoofSurfaceFills": 
                     {
                        "extrusionVolumeMultiplier": 1.0,
                        "fanSpeed": 1.0,
                        "feedrate": 110,
                        "oozePathExtensionDistance": 0.0
                     },
                     "sparse_slow": 
                     {
                        "extrusionVolumeMultiplier": 1.0,
                        "fanSpeed": 1.0,
                        "feedrate": 50,
                        "oozePathExtensionDistance": 0.0,
                        "restartExtraDistance": 0.050,
                        "restartRate": 2,
                        "retractDistance": 1.50,
                        "retractRate": 2,
                        "temperature": 200
                     },
                     "spurs": 
                     {
                        "extrusionVolumeMultiplier": 1.0,
                        "fanSpeed": 1.0,
                        "feedrate": 25,
                        "oozePathExtensionDistance": 0.0,
                        "restartExtraDistance": 0.150,
                        "restartRate": 2,
                        "retractDistance": 1.50,
                        "retractRate": 2,
                        "temperature": 200
                     },
                     "support_floor_surface": 
                     {
                        "extrusionVolumeMultiplier": 1.0,
                        "fanSpeed": 1.0,
                        "feedrate": 10,
                        "oozePathExtensionDistance": 0.0
                     },
                     "support_roof_surface": 
                     {
                        "extrusionVolumeMultiplier": 1.0,
                        "fanSpeed": 1.0,
                        "feedrate": 110,
                        "oozePathExtensionDistance": 0.0
                     },
                     "support_solid": 
                     {
                        "extrusionVolumeMultiplier": 1.0,
                        "fanSpeed": 1.0,
                        "feedrate": 50,
                        "oozePathExtensionDistance": 0.0
                     },
                     "support_sparse": 
                     {
                        "extrusionVolumeMultiplier": 1.0,
                        "fanSpeed": 1.0,
                        "feedrate": 150,
                        "oozePathExtensionDistance": 0.0
                     },
                     "supported_floor": 
                     {
                        "extrusionVolumeMultiplier": 1.0,
                        "feedrate": 10.0,
                        "oozePathExtensionDistance": 0.0
                     }
                  },
                  "solidConnectInsets": false,
                  "temperature": 210,
                  "toolchangeRestartDistance": 0.50,
                  "toolchangeRestartRate": 3.0,
                  "toolchangeRetractDistance": 1.0,
                  "toolchangeRetractRate": 5.0,
                  "waitForTempPosition": 
                  {
                     "x": -0.5270,
                     "y": -61.9210
                  },
                  "zHopDistance": 0.40,
                  "zHopRate": 10.0,
                  "zHopXYDistance": 0.0
               },
               
               {
                  "cleanAfterPurge": false,
                  "coolingLapPath": 
                  [
                     [ 3.4730, -57.9210 ],
                     [ -6.5270, -59.9210 ],
                     [ 3.4730, -61.9210 ],
                     [ -6.5270, -63.9210 ],
                     [ 3.4730, -65.92099999999999 ],
                     [ -6.5270, -67.92099999999999 ],
                     [ 3.4730, -68.92099999999999 ],
                     [ 6.4730, -68.92099999999999 ],
                     [ 6.4730, -54.9210 ],
                     [ -4.5270, -54.9210 ],
                     [ -9.526999999999999, -56.9210 ],
                     [ -9.526999999999999, -70.92099999999999 ],
                     [ 8.473000000000001, -70.92099999999999 ],
                     [ 8.473000000000001, -52.9210 ],
                     [ -6.5270, -52.9210 ]
                  ],
                  "extraToggleDelay": 5,
                  "extrusionProfiles": 
                  {
                     "base_layer_surface": 
                     {
                        "extrusionVolumeMultiplier": 1.0,
                        "fanSpeed": 0.0,
                        "feedrate": 30,
                        "oozePathExtensionDistance": 0.0
                     },
                     "bridges": 
                     {
                        "extrusionVolumeMultiplier": 1.0,
                        "fanSpeed": 0.0,
                        "feedrate": 40.0,
                        "oozePathExtensionDistance": 0.0
                     },
                     "brims": 
                     {
                        "extrusionVolumeMultiplier": 1.0,
                        "fanSpeed": 0.0,
                        "feedrate": 10.0,
                        "oozePathExtensionDistance": 0.0
                     },
                     "floor_surface": 
                     {
                        "extrusionVolumeMultiplier": 1.0,
                        "fanSpeed": 0.0,
                        "feedrate": 110,
                        "oozePathExtensionDistance": 0.0
                     },
                     "halfVolumeInfill": 
                     {
                        "extrusionVolumeMultiplier": 0.50,
                        "fanSpeed": 0.0,
                        "feedrate": 110.0,
                        "oozePathExtensionDistance": 0.0
                     },
                     "insets": 
                     {
                        "extrusionVolumeMultiplier": 1.0,
                        "fanSpeed": 0.0,
                        "feedrate": 40,
                        "oozePathExtensionDistance": 0.0,
                        "restartExtraDistance": -0.750
                     },
                     "low_speed_shells": 
                     {
                        "extrusionVolumeMultiplier": 1.0,
                        "fanSpeed": 0.0,
                        "feedrate": 10,
                        "oozePathExtensionDistance": 0.0
                     },
                     "minfillSparse": 
                     {
                        "extrusionVolumeMultiplier": 1.20,
                        "feedrate": 110.0,
                        "oozePathExtensionDistance": 0.750
                     },
                     "outlines": 
                     {
                        "extrusionVolumeMultiplier": 1.0,
                        "fanSpeed": 0.0,
                        "feedrate": 40,
                        "oozePathExtensionDistance": 0.0
                     },
                     "purge": 
                     {
                        "extrusionVolumeMultiplier": 1.0,
                        "fanSpeed": 0.0,
                        "feedrate": 15,
                        "oozePathExtensionDistance": 0.0
                     },
                     "purge_slow": 
                     {
                        "extrusionVolumeMultiplier": 1.0,
                        "fanSpeed": 0.0,
                        "feedrate": 7.50,
                        "oozePathExtensionDistance": 0.0
                     },
                     "raft_base": 
                     {
                        "extrusionVolumeMultiplier": 1.0,
                        "fanSpeed": 0.0,
                        "feedrate": 10,
                        "oozePathExtensionDistance": 0.0
                     },
                     "raft_interface": 
                     {
                        "extrusionVolumeMultiplier": 1.0,
                        "fanSpeed": 0.0,
                        "feedrate": 20,
                        "oozePathExtensionDistance": 0.0
                     },
                     "raft_surface": 
                     {
                        "extrusionVolumeMultiplier": 1.0,
                        "fanSpeed": 0.0,
                        "feedrate": 20,
                        "oozePathExtensionDistance": 0.0
                     },
                     "rafted_floor": 
                     {
                        "extrusionVolumeMultiplier": 1.0,
                        "fanSpeed": 0.0,
                        "feedrate": 110,
                        "oozePathExtensionDistance": 0.0
                     },
                     "roof_surface": 
                     {
                        "extrusionVolumeMultiplier": 1.0,
                        "fanSpeed": 0.0,
                        "feedrate": 80,
                        "oozePathExtensionDistance": 0.0,
                        "zHopDistance": 0.0
                     },
                     "solid": 
                     {
                        "extrusionVolumeMultiplier": 1.0,
                        "fanSpeed": 0.0,
                        "feedrate": 50,
                        "oozePathExtensionDistance": 0.0
                     },
                     "sparse": 
                     {
                        "extrusionVolumeMultiplier": 1.0,
                        "fanSpeed": 0.0,
                        "feedrate": 50,
                        "oozePathExtensionDistance": 0.0
                     },
                     "sparseRoofSurfaceFills": 
                     {
                        "extrusionVolumeMultiplier": 1.0,
                        "fanSpeed": 0.0,
                        "feedrate": 80,
                        "oozePathExtensionDistance": 0.0
                     },
                     "sparse_slow": 
                     {
                        "extrusionVolumeMultiplier": 1.0,
                        "fanSpeed": 0.0,
                        "feedrate": 50,
                        "oozePathExtensionDistance": 0.0
                     },
                     "spurs": 
                     {
                        "extrusionVolumeMultiplier": 1.0,
                        "fanSpeed": 0.0,
                        "feedrate": 80,
                        "oozePathExtensionDistance": 0.0
                     },
                     "support_floor_surface": 
                     {
                        "extrusionVolumeMultiplier": 1.0,
                        "fanSpeed": 0.0,
                        "feedrate": 10,
                        "oozePathExtensionDistance": 0.0
                     },
                     "support_roof_surface": 
                     {
                        "extrusionVolumeMultiplier": 1.0,
                        "fanSpeed": 0.0,
                        "feedrate": 80,
                        "oozePathExtensionDistance": 0.0
                     },
                     "support_solid": 
                     {
                        "extrusionVolumeMultiplier": 1.0,
                        "fanSpeed": 0.0,
                        "feedrate": 40,
                        "oozePathExtensionDistance": 0.0
                     },
                     "support_sparse": 
                     {
                        "extrusionVolumeMultiplier": 1.0,
                        "fanSpeed": 0.0,
                        "feedrate": 50,
                        "oozePathExtensionDistance": 0.0
                     },
                     "supported_floor": 
                     {
                        "extrusionVolumeMultiplier": 1.0,
                        "feedrate": 10.0,
                        "oozePathExtensionDistance": 0.0
                     }
                  },
                  "extrusionVolumeMultiplier": 1.0,
                  "feedDiameter": 1.770,
                  "idleTemperature": 160,
                  "maxPurgeLayerHeight": 0.0,
                  "minDistanceForZHop": 0.0,
                  "nozzleDiameter": 0.40,
                  "nozzleScrubLaps": 2,
                  "oozeFeedstockDistance": 0.0,
                  "outerShellEarlyEndDistance": 0.40,
                  "preOozeFeedstockDistance": 0.0,
                  "purgeButtressHeightRatio": 0.0,
                  "purgeButtressPaths": [],
                  "purgeLine": null,
                  "purgeOnlyUsedExtruder": false,
                  "purgePath": 
                  [
                     [ 3.4730, -57.9210 ],
                     [ -6.5270, -59.9210 ],
                     [ 3.4730, -61.9210 ],
                     [ -6.5270, -63.9210 ],
                     [ 3.4730, -65.92099999999999 ],
                     [ -6.5270, -67.92099999999999 ],
                     [ 3.4730, -68.92099999999999 ],
                     [ 6.4730, -68.92099999999999 ],
                     [ 6.4730, -54.9210 ],
                     [ -4.5270, -54.9210 ],
                     [ -9.526999999999999, -56.9210 ],
                     [ -9.526999999999999, -70.92099999999999 ],
                     [ 8.473000000000001, -70.92099999999999 ],
                     [ 8.473000000000001, -52.9210 ],
                     [ -6.5270, -52.9210 ]
                  ],
                  "purgeWidth": 0.650,
                  "quickTogglePosition": 73,
                  "restartExtraDistance": 0.0,
                  "restartRate": 1.750,
                  "retractDistance": 0.750,
                  "retractRate": 1.750,
                  "scrubLapSpeed": 15,
                  "scrubPressDistance": 0.0,
                  "shellInwardJogDistance": 0.0,
                  "shellTraceDistance": 2.0,
                  "smallLayerExtrusionProfiles": 
                  {
                     "base_layer_surface": 
                     {
                        "extrusionVolumeMultiplier": 1.0,
                        "fanSpeed": 0.0,
                        "feedrate": 30,
                        "oozePathExtensionDistance": 0.0
                     },
                     "bridges": 
                     {
                        "extrusionVolumeMultiplier": 1.0,
                        "fanSpeed": 0.0,
                        "feedrate": 40.0,
                        "oozePathExtensionDistance": 0.0
                     },
                     "brims": 
                     {
                        "extrusionVolumeMultiplier": 1.0,
                        "fanSpeed": 0.0,
                        "feedrate": 10.0,
                        "oozePathExtensionDistance": 0.0
                     },
                     "floor_surface": 
                     {
                        "extrusionVolumeMultiplier": 1.0,
                        "fanSpeed": 0.0,
                        "feedrate": 110,
                        "oozePathExtensionDistance": 0.0
                     },
                     "halfVolumeInfill": 
                     {
                        "extrusionVolumeMultiplier": 0.50,
                        "fanSpeed": 0.0,
                        "feedrate": 110.0,
                        "oozePathExtensionDistance": 0.0
                     },
                     "insets": 
                     {
                        "extrusionVolumeMultiplier": 1.0,
                        "fanSpeed": 0.0,
                        "feedrate": 40,
                        "oozePathExtensionDistance": 0.0,
                        "restartExtraDistance": -0.750
                     },
                     "low_speed_shells": 
                     {
                        "extrusionVolumeMultiplier": 1.0,
                        "fanSpeed": 0.0,
                        "feedrate": 10,
                        "oozePathExtensionDistance": 0.0
                     },
                     "minfillSparse": 
                     {
                        "extrusionVolumeMultiplier": 1.20,
                        "feedrate": 110.0,
                        "oozePathExtensionDistance": 0.750
                     },
                     "outlines": 
                     {
                        "extrusionVolumeMultiplier": 1.0,
                        "fanSpeed": 0.0,
                        "feedrate": 40,
                        "oozePathExtensionDistance": 0.0
                     },
                     "purge": 
                     {
                        "extrusionVolumeMultiplier": 1.0,
                        "fanSpeed": 0.0,
                        "feedrate": 15,
                        "oozePathExtensionDistance": 0.0
                     },
                     "purge_slow": 
                     {
                        "extrusionVolumeMultiplier": 1.0,
                        "fanSpeed": 0.0,
                        "feedrate": 7.50,
                        "oozePathExtensionDistance": 0.0
                     },
                     "raft_base": 
                     {
                        "extrusionVolumeMultiplier": 1.0,
                        "fanSpeed": 0.0,
                        "feedrate": 10,
                        "oozePathExtensionDistance": 0.0
                     },
                     "raft_interface": 
                     {
                        "extrusionVolumeMultiplier": 1.0,
                        "fanSpeed": 0.0,
                        "feedrate": 20,
                        "oozePathExtensionDistance": 0.0
                     },
                     "raft_surface": 
                     {
                        "extrusionVolumeMultiplier": 1.0,
                        "fanSpeed": 0.0,
                        "feedrate": 20,
                        "oozePathExtensionDistance": 0.0
                     },
                     "rafted_floor": 
                     {
                        "extrusionVolumeMultiplier": 1.0,
                        "fanSpeed": 0.0,
                        "feedrate": 110,
                        "oozePathExtensionDistance": 0.0
                     },
                     "roof_surface": 
                     {
                        "extrusionVolumeMultiplier": 1.0,
                        "fanSpeed": 0.0,
                        "feedrate": 80,
                        "oozePathExtensionDistance": 0.0,
                        "zHopDistance": 0.0
                     },
                     "solid": 
                     {
                        "extrusionVolumeMultiplier": 1.0,
                        "fanSpeed": 0.0,
                        "feedrate": 50,
                        "oozePathExtensionDistance": 0.0
                     },
                     "sparse": 
                     {
                        "extrusionVolumeMultiplier": 1.0,
                        "fanSpeed": 0.0,
                        "feedrate": 50,
                        "oozePathExtensionDistance": 0.0
                     },
                     "sparseRoofSurfaceFills": 
                     {
                        "extrusionVolumeMultiplier": 1.0,
                        "fanSpeed": 0.0,
                        "feedrate": 80,
                        "oozePathExtensionDistance": 0.0
                     },
                     "sparse_slow": 
                     {
                        "extrusionVolumeMultiplier": 1.0,
                        "fanSpeed": 0.0,
                        "feedrate": 50,
                        "oozePathExtensionDistance": 0.0
                     },
                     "spurs": 
                     {
                        "extrusionVolumeMultiplier": 1.0,
                        "fanSpeed": 0.0,
                        "feedrate": 80,
                        "oozePathExtensionDistance": 0.0
                     },
                     "support_floor_surface": 
                     {
                        "extrusionVolumeMultiplier": 1.0,
                        "fanSpeed": 0.0,
                        "feedrate": 10,
                        "oozePathExtensionDistance": 0.0
                     },
                     "support_roof_surface": 
                     {
                        "extrusionVolumeMultiplier": 1.0,
                        "fanSpeed": 0.0,
                        "feedrate": 80,
                        "oozePathExtensionDistance": 0.0
                     },
                     "support_solid": 
                     {
                        "extrusionVolumeMultiplier": 1.0,
                        "fanSpeed": 0.0,
                        "feedrate": 40,
                        "oozePathExtensionDistance": 0.0
                     },
                     "support_sparse": 
                     {
                        "extrusionVolumeMultiplier": 1.0,
                        "fanSpeed": 0.0,
                        "feedrate": 50,
                        "oozePathExtensionDistance": 0.0
                     },
                     "supported_floor": 
                     {
                        "extrusionVolumeMultiplier": 1.0,
                        "feedrate": 10.0,
                        "oozePathExtensionDistance": 0.0
                     }
                  },
                  "solidConnectInsets": false,
                  "temperature": 210,
                  "toolchangeRestartDistance": 2.50,
                  "toolchangeRestartRate": 3.0,
                  "toolchangeRetractDistance": 3.0,
                  "toolchangeRetractRate": 5.0,
                  "waitForTempPosition": 
                  {
                     "x": -0.5270,
                     "y": -61.9210
                  },
                  "zHopDistance": 0.40,
                  "zHopRate": 10.0,
                  "zHopXYDistance": 0.0
               }
            ],
            "extruderWipePaths": [],
            "extruderWipeSpeed": 15,
            "fanLayer": 1,
            "fanModulationThreshold": 0.50,
            "fanModulationWindow": 0.10,
            "fanSpeed": 0.50,
            "finalSharpXYDistance": 0.0,
            "finalSharpXYSpeed": 100.0,
            "fixedLayerStartX": -0.5270,
            "fixedLayerStartY": -61.9210,
            "fixedShellStartDirection": 215.0,
            "floorSolidLayerCount": 2,
            "floorSolidThickness": 0.40640,
            "floorSurfaceLayerCount": 2,
            "floorSurfaceThickness": 0.40640,
            "gcodeEndRoutine": "",
            "gcodeStartRoutine": "",
            "horizontalInset": 0.0,
            "infillFirst": false,
            "layerHeight": 0.20320,
            "leakyTravelSpeedXY": 50,
            "lowSpeedShellMin": 20,
            "machineBounds": [ 78.50, 100, -78.50, -100 ],
            "maxConnectionLength": 10.0,
            "maxSpurWidth": 0.550,
            "memoryThreshold": 4096,
            "minLayerDuration": 1,
            "minPaths": 0,
            "minPrintableArea": 5.0,
            "minRaftBaseGap": 10.0,
            "minSparseRegionArea": 0.10,
            "minSpeedMultiplier": 0.30,
            "minSplitChunkPrintableArea": 1.0,
            "minSpurLength": 1.0,
            "minSpurWidth": 0.120,
            "minThickInfillImprovement": 1.0,
            "minfillDisappearingFractionTest": 0.70,
            "minfillDisappearingInsetDist": 1.40,
            "minfillDisappearingLeftoverMin": 1.0,
            "minfillHighHeatCapacityExtrusionProfile": "sparse",
            "minfillLowHeatCapacityExtrusionProfile": "halfVolumeInfill",
            "minfillMaxNoFillXYSquareSide": 120.0,
            "minfillMaxNoFillZHeight": 100.0,
            "minfillNascentSliverCleanupDist": 0.050,
            "minfillNumBottomAdhesionLayers": 5,
            "minfillPillarAggregationFactor": 1,
            "minfillPillarBoundsSide": 64.0,
            "minfillPillarStabilityFractionXY": 40.0,
            "minfillRoofAnchorMargin": 0.0,
            "minfillRoofReplaceCleanupDist": 0.30,
            "minfillRoofReplaceHoleCloseDist": 0.150,
            "minfillRoofSolidThickness": 0.0,
            "minfillRoofSupportAngle": 76.0,
            "minfillRoofSurfaceThickness": 0.0,
            "minfillToRoofMinGap": 0.150,
            "minfillTopSupportThreshold": 0.010,
            "minfillVanishingAngle": 57.0,
            "minfillVanishingAngleUp": 45.0,
            "minfillWorkAreaOutsetDist": 1.50,
            "minfillWorkAreasDetectDist": 0.30,
            "minimumMoveDistance": 0.010,
            "modelFillProfiles": 
            {
               "base_layer_surface": 
               {
                  "betweenFillOutlinesSpacing": 0.0,
                  "bezierFillCurveResolution": 10,
                  "consistentOrder": false,
                  "density": 100.0,
                  "diamondFillTurnDistance": 0.40,
                  "diamondFillZigZagOverlap": 0.10,
                  "extrusionProfile": "base_layer_surface",
                  "extrusionWidth": 0.40,
                  "fixedDirection": false,
                  "fixedOrder": false,
                  "infillToInfillOutlinesSpacing": 0.0,
                  "lightningFillZigDistance": 10.0,
                  "linearFillGroupDensity": 1,
                  "linearFillGroupSize": 1,
                  "maxThickness": 0.0,
                  "minPathLength": 0.0,
                  "minThickness": 0.010,
                  "morphCleanupForInfillOutlines": 0.0,
                  "numFillOutlines": 0,
                  "numThatchFillLayers": 1,
                  "orientationInterval": 90,
                  "orientationOffset": 0,
                  "orientationRange": 360,
                  "pattern": "linear",
                  "raftBaseRunGapRatio": 0.70,
                  "raftBaseRunLength": 15.0,
                  "sinFillAmplitude": 10.0,
                  "sinFillSamplesPerWave": 8,
                  "sinFillWavelength": 10.0,
                  "sinFillWeave": true,
                  "singleFillOutlineOverlapDist": 2.50,
                  "symbiotDensity": 0.0,
                  "turnaroundDistance": 0.0
               },
               "floor_surface": 
               {
                  "betweenFillOutlinesSpacing": 0.0,
                  "bezierFillCurveResolution": 10,
                  "consistentOrder": false,
                  "density": 95.0,
                  "diamondFillTurnDistance": 0.40,
                  "diamondFillZigZagOverlap": 0.10,
                  "extrusionProfile": "floor_surface",
                  "extrusionWidth": 0.40,
                  "fixedDirection": false,
                  "fixedOrder": false,
                  "infillToInfillOutlinesSpacing": 0.0,
                  "lightningFillZigDistance": 10.0,
                  "linearFillGroupDensity": 1.0,
                  "linearFillGroupSize": 1,
                  "maxThickness": 0.0,
                  "minPathLength": 0.10,
                  "minThickness": 0.010,
                  "morphCleanupForInfillOutlines": 0.0,
                  "numFillOutlines": 0,
                  "numThatchFillLayers": 1,
                  "orientationInterval": 90,
                  "orientationOffset": 45,
                  "orientationRange": 360,
                  "pattern": "linear",
                  "raftBaseRunGapRatio": 0.70,
                  "raftBaseRunLength": 15.0,
                  "sinFillAmplitude": 10.0,
                  "sinFillSamplesPerWave": 8,
                  "sinFillWavelength": 10.0,
                  "sinFillWeave": true,
                  "singleFillOutlineOverlapDist": 2.50,
                  "symbiotDensity": 0.0,
                  "turnaroundDistance": 0.0
               },
               "rafted_floor": 
               {
                  "betweenFillOutlinesSpacing": 0.0,
                  "bezierFillCurveResolution": 10,
                  "consistentOrder": false,
                  "density": 100.0,
                  "diamondFillTurnDistance": 0.40,
                  "diamondFillZigZagOverlap": 0.10,
                  "extrusionProfile": "rafted_floor",
                  "extrusionWidth": 0.40,
                  "fixedDirection": false,
                  "fixedOrder": false,
                  "infillToInfillOutlinesSpacing": 0.0,
                  "lightningFillZigDistance": 10.0,
                  "linearFillGroupDensity": 1.0,
                  "linearFillGroupSize": 1,
                  "maxThickness": 0.0,
                  "minPathLength": 0.0,
                  "minThickness": 0.010,
                  "morphCleanupForInfillOutlines": 0.0,
                  "numFillOutlines": 0,
                  "numThatchFillLayers": 1,
                  "orientationInterval": 90,
                  "orientationOffset": 45,
                  "orientationRange": 360,
                  "pattern": "linear",
                  "raftBaseRunGapRatio": 0.70,
                  "raftBaseRunLength": 15.0,
                  "sinFillAmplitude": 10.0,
                  "sinFillSamplesPerWave": 8,
                  "sinFillWavelength": 10.0,
                  "sinFillWeave": true,
                  "singleFillOutlineOverlapDist": 2.50,
                  "symbiotDensity": 0.0,
                  "turnaroundDistance": 0.0
               },
               "roof_surface": 
               {
                  "betweenFillOutlinesSpacing": 0.0,
                  "bezierFillCurveResolution": 10,
                  "consistentOrder": false,
                  "density": 95.0,
                  "diamondFillTurnDistance": 0.40,
                  "diamondFillZigZagOverlap": 0.10,
                  "extrusionProfile": "roof_surface",
                  "extrusionWidth": 0.40,
                  "fixedDirection": false,
                  "fixedOrder": false,
                  "infillToInfillOutlinesSpacing": 0.0,
                  "lightningFillZigDistance": 10.0,
                  "linearFillGroupDensity": 1.0,
                  "linearFillGroupSize": 1,
                  "maxThickness": 0.0,
                  "minPathLength": 0.10,
                  "minThickness": 0.010,
                  "morphCleanupForInfillOutlines": 0.0,
                  "numFillOutlines": 0,
                  "numThatchFillLayers": 1,
                  "orientationInterval": 90,
                  "orientationOffset": 45,
                  "orientationRange": 360,
                  "pattern": "monotonic_linear",
                  "raftBaseRunGapRatio": 0.70,
                  "raftBaseRunLength": 15.0,
                  "sinFillAmplitude": 10.0,
                  "sinFillSamplesPerWave": 8,
                  "sinFillWavelength": 10.0,
                  "sinFillWeave": true,
                  "singleFillOutlineOverlapDist": 2.50,
                  "symbiotDensity": 0.0,
                  "turnaroundDistance": 0.0
               },
               "solid": 
               {
                  "betweenFillOutlinesSpacing": 0.0,
                  "bezierFillCurveResolution": 10,
                  "consistentOrder": false,
                  "density": 80.0,
                  "diamondFillTurnDistance": 0.40,
                  "diamondFillZigZagOverlap": 0.10,
                  "extrusionProfile": "solid",
                  "extrusionWidth": 0.60,
                  "fixedDirection": false,
                  "fixedOrder": false,
                  "infillToInfillOutlinesSpacing": 0.0,
                  "lightningFillZigDistance": 10.0,
                  "linearFillGroupDensity": 1.0,
                  "linearFillGroupSize": 1,
                  "maxThickness": 0.0,
                  "minPathLength": 0.0,
                  "minThickness": 0.010,
                  "morphCleanupForInfillOutlines": 0.0,
                  "numFillOutlines": 0,
                  "numThatchFillLayers": 1,
                  "orientationInterval": 90,
                  "orientationOffset": 0,
                  "orientationRange": 360,
                  "pattern": "monotonic_linear",
                  "raftBaseRunGapRatio": 0.70,
                  "raftBaseRunLength": 15.0,
                  "sinFillAmplitude": 10.0,
                  "sinFillSamplesPerWave": 8,
                  "sinFillWavelength": 10.0,
                  "sinFillWeave": true,
                  "singleFillOutlineOverlapDist": 2.50,
                  "symbiotDensity": 0.0,
                  "turnaroundDistance": 0.0
               },
               "sparse": 
               {
                  "betweenFillOutlinesSpacing": 0.0,
                  "bezierFillCurveResolution": 10,
                  "consistentOrder": false,
                  "density": 20,
                  "diamondFillTurnDistance": 0.40,
                  "diamondFillZigZagOverlap": 0.10,
                  "extrusionProfile": "sparse",
                  "extrusionWidth": 0.50,
                  "fixedDirection": false,
                  "fixedOrder": false,
                  "infillToInfillOutlinesSpacing": 0.0,
                  "lightningFillZigDistance": 10.0,
                  "linearFillGroupDensity": 1.0,
                  "linearFillGroupSize": 1,
                  "maxThickness": 0.0,
                  "minPathLength": 1.40,
                  "minThickness": 0.010,
                  "morphCleanupForInfillOutlines": 0.0,
                  "numFillOutlines": 0,
                  "numThatchFillLayers": 15,
                  "orientationInterval": 90,
                  "orientationOffset": 45,
                  "orientationRange": 360,
                  "pattern": "linear",
                  "raftBaseRunGapRatio": 0.70,
                  "raftBaseRunLength": 15.0,
                  "sinFillAmplitude": 10.0,
                  "sinFillSamplesPerWave": 8,
                  "sinFillWavelength": 10.0,
                  "sinFillWeave": true,
                  "singleFillOutlineOverlapDist": 2.50,
                  "slowExtrusionProfile": "sparse_slow",
                  "symbiotDensity": 0.0,
                  "turnaroundDistance": 0.0
               },
               "supported_floor": 
               {
                  "betweenFillOutlinesSpacing": 0.0,
                  "bezierFillCurveResolution": 10,
                  "consistentOrder": false,
                  "density": 100.0,
                  "diamondFillTurnDistance": 0.40,
                  "diamondFillZigZagOverlap": 0.10,
                  "extrusionProfile": "supported_floor",
                  "extrusionWidth": 0.40,
                  "fixedDirection": false,
                  "fixedOrder": false,
                  "infillToInfillOutlinesSpacing": 0.0,
                  "lightningFillZigDistance": 10.0,
                  "linearFillGroupDensity": 1.0,
                  "linearFillGroupSize": 1,
                  "maxThickness": 0.0,
                  "minPathLength": 0.0,
                  "minThickness": 0.010,
                  "morphCleanupForInfillOutlines": 0.0,
                  "numFillOutlines": 0,
                  "numThatchFillLayers": 1,
                  "orientationInterval": 90,
                  "orientationOffset": 45,
                  "orientationRange": 360,
                  "pattern": "linear",
                  "raftBaseRunGapRatio": 0.70,
                  "raftBaseRunLength": 15.0,
                  "sinFillAmplitude": 10.0,
                  "sinFillSamplesPerWave": 8,
                  "sinFillWavelength": 10.0,
                  "sinFillWeave": true,
                  "singleFillOutlineOverlapDist": 2.50,
                  "symbiotDensity": 0.0,
                  "turnaroundDistance": 0.0
               }
            },
            "modelShellProfiles": 
            {
               "base_layer_surface": 
               {
                  "doExternalSpurs": true,
                  "doInternalSpurs": false,
                  "extrusionWidth": 0.50,
                  "firstShellOffset": 0.50,
                  "infillShellSpacingMultiplier": 0.20,
                  "innerExtrusionProfile": "raft_base",
                  "insetDistanceMultiplier": 1,
                  "numberOfShells": 1,
                  "outerExtrusionProfile": "raft_base",
                  "smallIslandNumberOfShells": 1
               },
               "extent": 
               {
                  "doExternalSpurs": true,
                  "doInternalSpurs": true,
                  "extrusionWidth": 0.40,
                  "firstShellOffset": 0.50,
                  "infillShellSpacingMultiplier": 0.0,
                  "innerExtrusionProfile": "insets",
                  "insetDistanceMultiplier": 1,
                  "numberOfShells": 2,
                  "outerExtrusionProfile": "outlines",
                  "smallIslandNumberOfShells": 2
               },
               "floor_surface": 
               {
                  "doExternalSpurs": true,
                  "doInternalSpurs": false,
                  "extrusionWidth": 0.60,
                  "firstShellOffset": 0.50,
                  "infillShellSpacingMultiplier": 0,
                  "innerExtrusionProfile": "insets",
                  "insetDistanceMultiplier": 1,
                  "numberOfShells": 0,
                  "outerExtrusionProfile": "outlines",
                  "smallIslandNumberOfShells": 0
               },
               "roof_surface": 
               {
                  "doExternalSpurs": true,
                  "doInternalSpurs": false,
                  "extrusionWidth": 0.40,
                  "firstShellOffset": 0.50,
                  "infillShellSpacingMultiplier": 0,
                  "innerExtrusionProfile": "insets",
                  "insetDistanceMultiplier": 1,
                  "numberOfShells": 0,
                  "outerExtrusionProfile": "outlines",
                  "smallIslandNumberOfShells": 0
               },
               "solid": 
               {
                  "doExternalSpurs": true,
                  "doInternalSpurs": false,
                  "extrusionWidth": 0.40,
                  "firstShellOffset": 0.50,
                  "infillShellSpacingMultiplier": 0,
                  "innerExtrusionProfile": "insets",
                  "insetDistanceMultiplier": 1,
                  "numberOfShells": 0,
                  "outerExtrusionProfile": "outlines",
                  "smallIslandNumberOfShells": 0
               },
               "sparse": 
               {
                  "doExternalSpurs": true,
                  "doInternalSpurs": false,
                  "extrusionWidth": 0.40,
                  "firstShellOffset": 0.50,
                  "infillShellSpacingMultiplier": 0,
                  "innerExtrusionProfile": "insets",
                  "insetDistanceMultiplier": 1,
                  "numberOfShells": 0,
                  "outerExtrusionProfile": "outlines",
                  "smallIslandNumberOfShells": 0
               }
            },
            "modelSupportLayerInterval": -1,
            "numberOfBrims": 5,
            "numberOfCandyCoatShells": 2,
            "numberOfInternalBrims": 5,
            "paddedBaseOutlineOffset": -0.50,
            "paddedBaseWidth": 2.50,
            "pauseHeights": [],
            "platformTemp": 0,
            "postPrintDwellSeconds": 0,
            "postPrintDwellZOffset": 0.0,
            "printIslandsBySize": false,
            "printMode": "balanced",
            "purgeWallCenter": [ -0.5270, -61.9210 ],
            "raftBrimsSpacing": 1.0,
            "raftExtraOffset": 0.0,
            "raftFillProfiles": 
            {
               "base": 
               {
                  "betweenFillOutlinesSpacing": 0.0,
                  "bezierFillCurveResolution": 10,
                  "consistentOrder": false,
                  "density": 50.0,
                  "diamondFillTurnDistance": 0.40,
                  "diamondFillZigZagOverlap": 0.10,
                  "extrusionProfile": "raft_base",
                  "extrusionWidth": 1.40,
                  "fixedDirection": false,
                  "fixedOrder": false,
                  "infillToInfillOutlinesSpacing": 0.0,
                  "lightningFillZigDistance": 10.0,
                  "linearFillGroupDensity": 1.0,
                  "linearFillGroupSize": 1,
                  "maxThickness": 0.0,
                  "minPathLength": 0.0,
                  "minThickness": 0.010,
                  "morphCleanupForInfillOutlines": 0.0,
                  "numFillOutlines": 0,
                  "numThatchFillLayers": 1,
                  "orientationInterval": 0,
                  "orientationOffset": 0,
                  "orientationRange": 360,
                  "pattern": "linear",
                  "raftBaseRunGapRatio": 0.70,
                  "raftBaseRunLength": 15.0,
                  "sinFillAmplitude": 10.0,
                  "sinFillSamplesPerWave": 8,
                  "sinFillWavelength": 10.0,
                  "sinFillWeave": true,
                  "singleFillOutlineOverlapDist": 2.50,
                  "symbiotDensity": 0.0,
                  "turnaroundDistance": 0.0
               },
               "interface": 
               {
                  "betweenFillOutlinesSpacing": 0.0,
                  "bezierFillCurveResolution": 10,
                  "consistentOrder": false,
                  "density": 110.0,
                  "diamondFillTurnDistance": 0.40,
                  "diamondFillZigZagOverlap": 0.10,
                  "extrusionProfile": "raft_interface",
                  "extrusionWidth": 1.20,
                  "fixedDirection": false,
                  "fixedOrder": false,
                  "infillToInfillOutlinesSpacing": 0.0,
                  "lightningFillZigDistance": 10.0,
                  "linearFillGroupDensity": 1.0,
                  "linearFillGroupSize": 1,
                  "maxThickness": 0.0,
                  "minPathLength": 0.0,
                  "minThickness": 0.010,
                  "morphCleanupForInfillOutlines": 0.0,
                  "numFillOutlines": 0,
                  "numThatchFillLayers": 1,
                  "orientationInterval": 90,
                  "orientationOffset": 45,
                  "orientationRange": 360,
                  "pattern": "linear",
                  "raftBaseRunGapRatio": 0.70,
                  "raftBaseRunLength": 15.0,
                  "sinFillAmplitude": 10.0,
                  "sinFillSamplesPerWave": 8,
                  "sinFillWavelength": 10.0,
                  "sinFillWeave": true,
                  "singleFillOutlineOverlapDist": 2.50,
                  "symbiotDensity": 0.0,
                  "turnaroundDistance": 0.0
               },
               "purge_base": 
               {
                  "betweenFillOutlinesSpacing": 0.0,
                  "bezierFillCurveResolution": 10,
                  "consistentOrder": false,
                  "density": 150,
                  "diamondFillTurnDistance": 0.40,
                  "diamondFillZigZagOverlap": 0.10,
                  "extrusionProfile": "raft_base",
                  "extrusionWidth": 1.40,
                  "fixedDirection": false,
                  "fixedOrder": false,
                  "infillToInfillOutlinesSpacing": 0.0,
                  "lightningFillZigDistance": 10.0,
                  "linearFillGroupDensity": 1.0,
                  "linearFillGroupSize": 1,
                  "maxThickness": 0.0,
                  "minPathLength": 0.0,
                  "minThickness": 0.010,
                  "morphCleanupForInfillOutlines": 0.0,
                  "numFillOutlines": 0,
                  "numThatchFillLayers": 1,
                  "orientationInterval": 90,
                  "orientationOffset": 45,
                  "orientationRange": 360,
                  "pattern": "linear",
                  "raftBaseRunGapRatio": 0.70,
                  "raftBaseRunLength": 15.0,
                  "sinFillAmplitude": 10.0,
                  "sinFillSamplesPerWave": 8,
                  "sinFillWavelength": 10.0,
                  "sinFillWeave": true,
                  "singleFillOutlineOverlapDist": 2.50,
                  "symbiotDensity": 0.0,
                  "turnaroundDistance": 0.0
               },
               "surface": 
               {
                  "betweenFillOutlinesSpacing": 0.0,
                  "bezierFillCurveResolution": 10,
                  "consistentOrder": false,
                  "density": 90.0,
                  "diamondFillTurnDistance": 0.40,
                  "diamondFillZigZagOverlap": 0.10,
                  "extrusionProfile": "raft_surface",
                  "extrusionWidth": 0.40,
                  "fixedDirection": false,
                  "fixedOrder": false,
                  "infillToInfillOutlinesSpacing": 0.0,
                  "lightningFillZigDistance": 10.0,
                  "linearFillGroupDensity": 1.0,
                  "linearFillGroupSize": 1,
                  "maxThickness": 0.0,
                  "minPathLength": 0.0,
                  "minThickness": 0.010,
                  "morphCleanupForInfillOutlines": 0.0,
                  "numFillOutlines": 0,
                  "numThatchFillLayers": 1,
                  "orientationInterval": 90,
                  "orientationOffset": 45,
                  "orientationRange": 360,
                  "pattern": "linear",
                  "raftBaseRunGapRatio": 0.70,
                  "raftBaseRunLength": 15.0,
                  "sinFillAmplitude": 10.0,
                  "sinFillSamplesPerWave": 8,
                  "sinFillWavelength": 10.0,
                  "sinFillWeave": true,
                  "singleFillOutlineOverlapDist": 2.50,
                  "symbiotDensity": 0.0,
                  "turnaroundDistance": 0.0
               }
            },
            "raftModelShellsSpacing": 0,
            "raftModelSpacing": 0.0,
            "raftProfiles": 
            {
               "base": 
               {
                  "ZOffset": 0.0,
                  "extruderID": 0,
                  "firstLayerZOffset": 0.0,
                  "layerThickness": 0.40,
                  "numberOfLayers": 2,
                  "outsetFromModelEdge": 2
               },
               "interface": 
               {
                  "ZOffset": -0.10,
                  "extruderID": 1,
                  "firstLayerZOffset": 0.0,
                  "layerThickness": 0.30,
                  "numberOfLayers": 1,
                  "outsetFromModelEdge": 2
               },
               "purge_base": 
               {
                  "ZOffset": 0.0,
                  "extruderID": 0,
                  "firstLayerZOffset": 0.0,
                  "layerThickness": 0.40,
                  "numberOfLayers": 1,
                  "outsetFromModelEdge": 1
               },
               "surface": 
               {
                  "ZOffset": -0.050,
                  "extruderID": 1,
                  "firstLayerZOffset": 0.0,
                  "layerThickness": 0.270,
                  "numberOfLayers": 1,
                  "outsetFromModelEdge": 2
               }
            },
            "raftShellProfiles": 
            {
               "base": 
               {
                  "doExternalSpurs": true,
                  "doInternalSpurs": false,
                  "extrusionWidth": 1.40,
                  "firstShellOffset": 0.50,
                  "infillShellSpacingMultiplier": 0.70,
                  "innerExtrusionProfile": "raft_base",
                  "insetDistanceMultiplier": 1.10,
                  "numberOfShells": 6,
                  "outerExtrusionProfile": "raft_base",
                  "smallIslandNumberOfShells": 6
               },
               "interface": 
               {
                  "doExternalSpurs": true,
                  "doInternalSpurs": false,
                  "extrusionWidth": 1.20,
                  "firstShellOffset": 0.50,
                  "infillShellSpacingMultiplier": 0.50,
                  "innerExtrusionProfile": "raft_interface",
                  "insetDistanceMultiplier": 0.450,
                  "numberOfShells": 2,
                  "outerExtrusionProfile": "raft_interface",
                  "smallIslandNumberOfShells": 2
               },
               "purge_base": 
               {
                  "doExternalSpurs": true,
                  "doInternalSpurs": false,
                  "extrusionWidth": 1.40,
                  "firstShellOffset": 0.50,
                  "infillShellSpacingMultiplier": 0.50,
                  "innerExtrusionProfile": "raft_base",
                  "insetDistanceMultiplier": 1.0,
                  "numberOfShells": 4,
                  "outerExtrusionProfile": "raft_base",
                  "smallIslandNumberOfShells": 4
               },
               "surface": 
               {
                  "doExternalSpurs": true,
                  "doInternalSpurs": false,
                  "extrusionWidth": 0.40,
                  "firstShellOffset": 0.50,
                  "infillShellSpacingMultiplier": 0.50,
                  "innerExtrusionProfile": "raft_surface",
                  "insetDistanceMultiplier": 0.70,
                  "numberOfShells": 2,
                  "outerExtrusionProfile": "raft_surface",
                  "smallIslandNumberOfShells": 2
               }
            },
            "raftSupportSpacing": 0.0,
            "raftedFloorOutset": 0.0,
            "raftedFloorThickness": 0,
            "rateLimitBufferSize": 100,
            "rateLimitMinSpeed": 10.0,
            "rateLimitSpeedRatio": 0.30,
            "rateLimitSplitBias": 0,
            "rateLimitSplitMoveDistance": 0,
            "rateLimitSplitRecursionDepth": 0,
            "rateLimitTransmissionRate": 150.0,
            "reverseMaterialExtrusionOrder": false,
            "reverseShellEachLayer": false,
            "roofAnchorMargin": 2,
            "roofSolidLayerCount": 3,
            "roofSolidThickness": 0.60960,
            "roofSurfaceLayerCount": 2,
            "roofSurfaceThickness": 0.40640,
            "shortenSpursDistance": 0.0,
            "smallLayerAreaThreshold": 1600,
            "smallModelIslandAreaThreshold": 0.0,
            "smallSupportIslandAreaThreshold": 0.0,
            "solidFillErosionDistance": 0.040,
            "startPosition": 
            {
               "a": 0.0,
               "b": 0.0,
               "x": 50,
               "y": -80,
               "z": 0.20
            },
            "supportAngle": 73,
            "supportBreakawayModelRoofSpacing": 0,
            "supportCutoutXY": 0.0,
            "supportCutoutZ": 0.0,
            "supportExtraDistance": 0.50,
            "supportFillProfiles": 
            {
               "base_layer_surface": 
               {
                  "betweenFillOutlinesSpacing": 0.0,
                  "bezierFillCurveResolution": 10,
                  "consistentOrder": false,
                  "density": 99.0,
                  "diamondFillTurnDistance": 0.40,
                  "diamondFillZigZagOverlap": 0.10,
                  "extrusionProfile": "support_floor_surface",
                  "extrusionWidth": 1.20,
                  "fixedDirection": false,
                  "fixedOrder": false,
                  "infillToInfillOutlinesSpacing": 0.0,
                  "lightningFillZigDistance": 10.0,
                  "linearFillGroupDensity": 1.0,
                  "linearFillGroupSize": 1,
                  "maxThickness": 0.0,
                  "minPathLength": 0.0,
                  "minThickness": 0.010,
                  "morphCleanupForInfillOutlines": 0.0,
                  "numFillOutlines": 0,
                  "numThatchFillLayers": 1,
                  "orientationInterval": 90,
                  "orientationOffset": 0,
                  "orientationRange": 360,
                  "pattern": "linear",
                  "raftBaseRunGapRatio": 0.70,
                  "raftBaseRunLength": 15.0,
                  "sinFillAmplitude": 10.0,
                  "sinFillSamplesPerWave": 8,
                  "sinFillWavelength": 10.0,
                  "sinFillWeave": true,
                  "singleFillOutlineOverlapDist": 2.50,
                  "symbiotDensity": 0.0,
                  "turnaroundDistance": 0.0
               },
               "floor_surface": 
               {
                  "betweenFillOutlinesSpacing": 0.0,
                  "bezierFillCurveResolution": 10,
                  "consistentOrder": false,
                  "density": 99.0,
                  "diamondFillTurnDistance": 0.40,
                  "diamondFillZigZagOverlap": 0.10,
                  "extrusionProfile": "support_floor_surface",
                  "extrusionWidth": 1.20,
                  "fixedDirection": false,
                  "fixedOrder": false,
                  "infillToInfillOutlinesSpacing": 0.0,
                  "lightningFillZigDistance": 10.0,
                  "linearFillGroupDensity": 1.0,
                  "linearFillGroupSize": 1,
                  "maxThickness": 0.0,
                  "minPathLength": 1.0,
                  "minThickness": 0.010,
                  "morphCleanupForInfillOutlines": 0.0,
                  "numFillOutlines": 0,
                  "numThatchFillLayers": 1,
                  "orientationInterval": 90,
                  "orientationOffset": 0,
                  "orientationRange": 360,
                  "pattern": "linear",
                  "raftBaseRunGapRatio": 0.70,
                  "raftBaseRunLength": 15.0,
                  "sinFillAmplitude": 10.0,
                  "sinFillSamplesPerWave": 8,
                  "sinFillWavelength": 10.0,
                  "sinFillWeave": true,
                  "singleFillOutlineOverlapDist": 2.50,
                  "symbiotDensity": 0.0,
                  "turnaroundDistance": 0.0
               },
               "roof_surface": 
               {
                  "betweenFillOutlinesSpacing": 0.0,
                  "bezierFillCurveResolution": 10,
                  "consistentOrder": false,
                  "density": 95.0,
                  "diamondFillTurnDistance": 0.40,
                  "diamondFillZigZagOverlap": 0.10,
                  "extrusionProfile": "support_roof_surface",
                  "extrusionWidth": 0.40,
                  "fixedDirection": false,
                  "fixedOrder": false,
                  "infillToInfillOutlinesSpacing": 0.0,
                  "lightningFillZigDistance": 10.0,
                  "linearFillGroupDensity": 1.0,
                  "linearFillGroupSize": 1,
                  "maxThickness": 0.0,
                  "minPathLength": 0.10,
                  "minThickness": 0.010,
                  "morphCleanupForInfillOutlines": 0.0,
                  "numFillOutlines": 0,
                  "numThatchFillLayers": 1,
                  "orientationInterval": 90,
                  "orientationOffset": 0,
                  "orientationRange": 360,
                  "pattern": "linear",
                  "raftBaseRunGapRatio": 0.70,
                  "raftBaseRunLength": 15.0,
                  "sinFillAmplitude": 10.0,
                  "sinFillSamplesPerWave": 8,
                  "sinFillWavelength": 10.0,
                  "sinFillWeave": true,
                  "singleFillOutlineOverlapDist": 2.50,
                  "symbiotDensity": 0.0,
                  "turnaroundDistance": 0.0
               },
               "solid": 
               {
                  "betweenFillOutlinesSpacing": 0.0,
                  "bezierFillCurveResolution": 10,
                  "consistentOrder": false,
                  "density": 50.0,
                  "diamondFillTurnDistance": 0.40,
                  "diamondFillZigZagOverlap": 0.10,
                  "extrusionProfile": "support_solid",
                  "extrusionWidth": 0.60,
                  "fixedDirection": false,
                  "fixedOrder": false,
                  "infillToInfillOutlinesSpacing": 0.0,
                  "lightningFillZigDistance": 10.0,
                  "linearFillGroupDensity": 1.0,
                  "linearFillGroupSize": 1,
                  "maxThickness": 0.0,
                  "minPathLength": 1.0,
                  "minThickness": 0.010,
                  "morphCleanupForInfillOutlines": 0.0,
                  "numFillOutlines": 0,
                  "numThatchFillLayers": 1,
                  "orientationInterval": 90,
                  "orientationOffset": 45,
                  "orientationRange": 360,
                  "pattern": "linear",
                  "raftBaseRunGapRatio": 0.70,
                  "raftBaseRunLength": 15.0,
                  "sinFillAmplitude": 10.0,
                  "sinFillSamplesPerWave": 8,
                  "sinFillWavelength": 10.0,
                  "sinFillWeave": true,
                  "singleFillOutlineOverlapDist": 2.50,
                  "symbiotDensity": 0.0,
                  "turnaroundDistance": 0.0
               },
               "sparse": 
               {
                  "betweenFillOutlinesSpacing": 0.0,
                  "bezierFillCurveResolution": 10,
                  "consistentOrder": false,
                  "density": 5,
                  "diamondFillTurnDistance": 0.40,
                  "diamondFillZigZagOverlap": 0.10,
                  "extrusionProfile": "support_sparse",
                  "extrusionWidth": 0.40,
                  "fixedDirection": false,
                  "fixedOrder": false,
                  "infillToInfillOutlinesSpacing": 0.0,
                  "lightningFillZigDistance": 10.0,
                  "linearFillGroupDensity": 1.0,
                  "linearFillGroupSize": 1,
                  "maxThickness": 0.0,
                  "minPathLength": 1.40,
                  "minThickness": 0.010,
                  "morphCleanupForInfillOutlines": 0.0,
                  "numFillOutlines": 0,
                  "numThatchFillLayers": 1,
                  "orientationInterval": 1,
                  "orientationOffset": 0,
                  "orientationRange": 2,
                  "pattern": "diamond (fast)",
                  "raftBaseRunGapRatio": 0.70,
                  "raftBaseRunLength": 15.0,
                  "sinFillAmplitude": 10.0,
                  "sinFillSamplesPerWave": 8,
                  "sinFillWavelength": 10.0,
                  "sinFillWeave": true,
                  "singleFillOutlineOverlapDist": 2.50,
                  "symbiotDensity": 0.0,
                  "turnaroundDistance": 0.0
               }
            },
            "supportFloorSolidLayerCount": 0,
            "supportFloorSolidThickness": 0.0,
            "supportFloorSurfaceLayerCount": 2,
            "supportFloorSurfaceThickness": 0.0,
            "supportHolesMinArea": 25.0,
            "supportInteriorExtruder": 1,
            "supportIslandAverageWidthRatio": 7.0,
            "supportLayerHeight": 0.20320,
            "supportMinRegionArea": 10,
            "supportModelSpacing": 0.060,
            "supportMorphAngle": 69.20,
            "supportRoofAnchorMargin": 2,
            "supportRoofModelSpacing": 0.10,
            "supportRoofSolidLayerCount": 4,
            "supportRoofSolidThickness": 0.0,
            "supportRoofSurfaceLayerCount": 4,
            "supportRoofSurfaceThickness": 0.0,
            "supportShellProfiles": 
            {
               "base_layer_surface": 
               {
                  "doExternalSpurs": true,
                  "doInternalSpurs": false,
                  "extrusionWidth": 0.50,
                  "firstShellOffset": 0.50,
                  "infillShellSpacingMultiplier": 0.20,
                  "innerExtrusionProfile": "support_floor_surface",
                  "insetDistanceMultiplier": 1.0,
                  "numberOfShells": 1,
                  "outerExtrusionProfile": "support_floor_surface",
                  "smallIslandNumberOfShells": 1
               },
               "body": 
               {
                  "doExternalSpurs": true,
                  "doInternalSpurs": false,
                  "extrusionWidth": 0.40,
                  "firstShellOffset": 0.50,
                  "infillShellSpacingMultiplier": 0,
                  "innerExtrusionProfile": "insets",
                  "insetDistanceMultiplier": 1.0,
                  "numberOfShells": 2,
                  "outerExtrusionProfile": "outlines",
                  "smallIslandNumberOfShells": 2
               },
               "extent": 
               {
                  "doExternalSpurs": true,
                  "doInternalSpurs": false,
                  "extrusionWidth": 0.40,
                  "firstShellOffset": 0.50,
                  "infillShellSpacingMultiplier": 1,
                  "innerExtrusionProfile": "insets",
                  "insetDistanceMultiplier": 1,
                  "numberOfShells": 0,
                  "outerExtrusionProfile": "outlines",
                  "smallIslandNumberOfShells": 0
               },
               "floor_surface": 
               {
                  "doExternalSpurs": true,
                  "doInternalSpurs": false,
                  "extrusionWidth": 1.20,
                  "firstShellOffset": 0.50,
                  "infillShellSpacingMultiplier": 0.30,
                  "innerExtrusionProfile": "support_floor_surface",
                  "insetDistanceMultiplier": 1.0,
                  "numberOfShells": 2,
                  "outerExtrusionProfile": "support_floor_surface",
                  "smallIslandNumberOfShells": 2
               }
            },
            "supportSolidExpansionOutset": 0.0,
            "supportTaperAngle": 83.0,
            "supportZipperMinDistance": 3.0,
            "supportedFloorOutset": 0.0,
            "supportedFloorThickness": 0.0,
            "swapModelSupportExtruders": false,
            "travelSpeedXY": 250,
            "travelSpeedZ": 3,
            "useRelativeExtruderPositions": true,
            "verticalAggregationCleanupDistance": 0.0,
            "xScale": 1.0020,
            "yScale": 1.0020,
            "zScale": 1.0010
         }
      },
      "jsonProgress": true,
      "jsonToolpathOutput": false,
      "memoryThreshold": 4096,
      "metadataOutput": false,
      "preferences": 
      {
         "instance0": 
         {
            "machineBounds": [ 78.50, 100, -78.50, -100 ],
            "modelFillProfiles.sparse.density": 20,
            "printMode": "balanced",
            "purgeWallCenter": [ -0.5270, -61.9210 ],
            "supportAngle": 73,
            "supportFillProfiles.sparse.density": 5,
            "supportModelSpacing": 0.060
         }
      },
      "purge_routines": 
      [
         
         [
            
            [
               "move",
               [ -9.526999999999999, -52.9210, 0, 0, 0 ],
               100,
               [ false, false, false, true, true ]
            ],
            
            [
               "purge_move",
               [ 8.473000000000001, -52.9210, 0, 100, 0 ],
               3,
               [ false, false, false, true, true ]
            ],
            
            [
               "move",
               [ -0.5270, -61.9210, 0, 0, 0 ],
               30,
               [ false, false, false, true, true ]
            ]
         ],
         
         [
            
            [
               "move",
               [ -9.526999999999999, -52.9210, 0, 0, 0 ],
               100,
               [ false, false, false, true, true ]
            ],
            
            [
               "purge_move",
               [ 8.473000000000001, -52.9210, 0, 0, 100 ],
               1,
               [ false, false, false, true, true ]
            ],
            
            [
               "move",
               [ -0.5270, -61.9210, 0, 0, 0 ],
               30,
               [ false, false, false, true, true ]
            ]
         ]
      ],
      "sliceconfig_git_commit_hash": "cf9b4cb",
      "sliceconfig_version": "9.17.3",
      "version": "3.0.0"
   },
   "model_counts": 
   [
      
      {
         "count": 1,
         "name": "instance0"
      }
   ],
   "num_tool_changes": 829,
   "num_z_layers": 17798,
   "num_z_transitions": 19033,
   "platform_temperature": 0,
   "preferences": 
   {
      "instance0": 
      {
         "machineBounds": [ 78.50, 100, -78.50, -100 ],
         "modelFillProfiles.sparse.density": 20,
         "printMode": "balanced",
         "purgeWallCenter": [ -0.5270, -61.9210 ],
         "supportAngle": 73,
         "supportFillProfiles.sparse.density": 5,
         "supportModelSpacing": 0.060
      }
   },
   "purge_routines": 
   [
      
      [
         
         [
            "move",
            [ -9.526999999999999, -52.9210, 0, 0, 0 ],
            100,
            [ false, false, false, true, true ]
         ],
         
         [
            "purge_move",
            [ 8.473000000000001, -52.9210, 0, 100, 0 ],
            3,
            [ false, false, false, true, true ]
         ],
         
         [
            "move",
            [ -0.5270, -61.9210, 0, 0, 0 ],
            30,
            [ false, false, false, true, true ]
         ]
      ],
      
      [
         
         [
            "move",
            [ -9.526999999999999, -52.9210, 0, 0, 0 ],
            100,
            [ false, false, false, true, true ]
         ],
         
         [
            "purge_move",
            [ 8.473000000000001, -52.9210, 0, 0, 100 ],
            1,
            [ false, false, false, true, true ]
         ],
         
         [
            "move",
            [ -0.5270, -61.9210, 0, 0, 0 ],
            30,
            [ false, false, false, true, true ]
         ]
      ]
   ],
   "sliceconfig_git_commit_hash": "cf9b4cb",
   "sliceconfig_version": "9.17.3",
   "tool_type": "mk14_c",
   "tool_types": [ "mk14_c", "mk14_s" ],
   "total_commands": 582180,
   "uuid": "744450c3-cb3f-441f-8028-589bd3a5ff83",
   "version": "3.0.0"
}
